Exercise, Total, Invalid, Ratio, Threads
8, 9974, 14 , 0.00140364948867, 8
8, 9985, 14, 0.00140210315473, 6
8, 9993, 8, 0.000800560392275, 2
10, 10000, 9, 0.0009, 8
10, 10000, 13, 0.0013, 6
10, 10000, 0, 0.0, 2
